Command,Occurrences,Tags,Primary Description
improve_interface,1,"screenshot, improvement, ui, design, interface, critique, prompt","Analyze a screenshot, critique the interface, and generate a prompt for improving the displayed interface."
recursive_critique,1,"recursion, prompt engineering, design, self-improvement, critique","Execute current task, recursively critique the work produced, and design the next prompt based on the critique."
engineer,70,"tabs, case data, condensed, bundling, buttons, conductor, site, cards, analysis, fields, rows, bonus, headers, renaming, file size, filtering, separator, successes, system prompt, feature request, bonuses, error block, sliders, sorting, percentage, mass, prompts, default, program dissection, precedents, code analysis, values, slider, color palettes, track, UI, refactoring, simplification, LLM, web app, rotation, engineer, UX, generation, application, comm, delimiter, mockups, logarithmic, table of contents, color, fioe, clarification, flags, command definition, rename, columns, patterns, review, numbers, ev, optimization, code modification, mermaid, alias, file location, success rate, output, bar, visual errors, API, python, exp, utility script, log, examples, metrics, interactive, error, metric, block types, delay, input, header, help, data, duration, steps, separators, logic extraction, engineering, visual, HTML, max, filter, animation, Procedural Spectrum Designer, SPA, alignment, janitor, modification, interoperability, sortable, demo, value, display, resolution, threads, reposition, historical, min, graph, successess, configuration, line, abbreviations, modularization, new command, table, reverse engineering, formatting, design, workflow, preferences, parameters, lifetime, logging, hue, development, run, file, schema expansions, functionality, status, failure, prompt","Implement a command, likely named 'dissect', that will recursively analyze a directory's contents, determine the program's nature, conduct broad and targeted code investigations, extract all necessary logic, annotate and save the full logic export as an .md file in a new 'logic' directory. Further, the command should perform conceptual, semantic, and logical analysis of the program, subdivide its functionality into multiple discrete, independently runnable programs (v1), and subsequently upgrade them to be interoperable (v2) such that initiating program B from A would provide A with B's functionality."
resume_logic_export,1,"merge, logic, code, export, resume","Resume logic export version 2, incorporating code extracts into the initial logic export."
restart,3,"process, restart, parameters, service, codebase, system, investigators, context, refresh, reset",Create a command 'restart' that allows restarting a specified process with updated parameters.
zen,1,"output, zen mode, ui, simplification, distraction-free",Create a 'zen' command that simplifies output by removing redundancies and entering a distraction-free mode.
simplify,1,"refactor, cognitive load, legacy, simplify",Simplify the system by removing redundant cognitive load.
pending_assignment,445,"command_creation, engineering, redundancy_elimination, master_entry, command extraction, resume_workflow, migration, knowledge_management, redundancy_removal, database, scorecards, checker, utility, list cleaning, metrics, code_decomposition, shortener, synthesis, data analysis, prompt_engineering, code_documentation, codebase_review, command, redundancy, UI/UX, data_synthesis, deduplication, analyze_logs, command suggestion, data_cleaning, emulation, bug_investigation, prediction, information_consolidation, features",wow no way you can do that if you manage i will be sooo impressed! yes i want you to build it.
reorganize_code,1,"directories, code, reorganization, structure",Create a command `reorganize_code` that automatically reorganizes the code into directories and subdirectories based on predefined rules or user input.
configure_workers,1,"worker, resource_management, proxy, configuration",Command request: Configure the number of workers based on available proxies. Example: configure_workers proxies=430 workers=50
test_discovery_agent,1,"discovery agent, testing",Create a command to test the discovery agent.
find_facebook_content,1,"content, facebook, search, social media",Implement a command to search for and retrieve content from Facebook.
fb_group_post_extraction,1,"social media, facebook, scraping, data extraction",Implement a command that continuously scrapes posts from specified Facebook groups.
set_default_tail,1,"preferences, default, configuration, tail",Establish a command to set the 'tail' functionality as the default.
download_json,1,"download, output, json, run",Add the ability to download the raw JSON output from a run.
reformat_data,1,"table, data formatting, JSON, retrieval","Create a command `reformat_data` that can transform data between different formats (e.g., cards to table rows) and retrieve the original raw JSON format if available."
format_and_filter_data,1,"data formatting, table, filtering, sorting, JSON","Request to format data as sortable table rows, filter based on specified logic, and provide the original raw JSON."
tweak_filter,1,"manual control, filter, text input, tweak, variable",Implement a command `tweak_filter` that allows users to adjust filter variables by providing text inputs.
output_perceived_value_logic,1,"output, pv.me, logic, perceived value, comments",New command requested: output_perceived_value_logic. The command should extract and output all 'perceived value logic' with associated comments to pv.me.
extract_perceived_value,1,"extraction, documentation, perceived value, logic",Extract all perceived value logic with comments to pv.md
calculate_score,1,"withdrawal, rollover, bonus, formula, score calculation, mathematical logic, turnover ratio","Mathematical logic (V14) for calculating a score. Definitions: A = Bonus Amount, W_max = Maximum Withdrawal (3776 if unlimited), W_min = Minimum Withdrawal, T = Turnover Ratio, R = Rollover Amount. Includes formulas for Numerator (Reward), Denominator (Resistance - Escape Balance, Growth Penalty, Grind Penalty), and Final Formula."
redesign_table_ui,1,"UI, UX, frontend, table, redesign",Redesign table UI: Remove convoluted logic related to the bonus name becoming a symbol. Implement a pop-up when a row is tapped. Narrow column widths to a reasonable size. Reduce font size.
display_config,1,"settings, display, scraper, config, dashboard",Implement a command to display the contents of the config.ini file within the scraper initialization dashboard.
N/A,3,feature request,/compress
exit,4,"control, cli, session, terminate, command, exit, interface, quit",A command that terminates the current session or workflow.
url_optimization,1,"pruning, url, optimization, recovery, active URLs","Command: url_optimization. Function: Perform URL pruning and recovery, and ensure more URLs are active."
discover_urls,1,"url, web, discovery, scraping","Implement a 'discover_urls' command to find URLs within a given context (e.g., a file, a website, a search query)."
extrapolate_metrics,1,"analysis, data, extrapolation, metrics",Implement a command to automatically extrapolate additional metrics.
visualize_data,1,"visualization, web interface, data",Create a command to visualize data via the web interface.
reset,1,"system, override, persona, engineer, reset, workflow","Reset sequence: 1. Disregard previous workflow instructions. 2. Clear active persona. 3. Revert to standard Termux Engineer behavior. 4. Confirm with: ""MEMORY FLUSHED. READY."""
track_time_per_site,1,"analytics, time tracking, website usage",Implement functionality to track time spent per website.
implement,3,"feature, task, conductor, development, implementation","Implement a new feature or task. This command should facilitate the process of implementing features, tasks, or other defined functionalities. It could be a wrapper around 'dev' or handle a specific type of implementation."
overhaul,1,"cli, refactoring, integration, upgrade, web app",Overhaul the web application and enhance command-line interface integration.
orchestrate,2,"prompt engineering, coordination, distributed, code analysis, llm, automation, multi-agent, agent, orchestration",Implement a command for distributed agent orchestration.
status,4,"status_report, status report, file_verification, project management, overview, reporting, progress_tracking, markdown_parsing, parsing, summarization, tracks, tracks registry, registry, web app, project_status, status, monitoring, health check",Add a 'status' command to check the health and operational status of the web application.
check_ss,1,"screenshot, screen share, monitoring",check_ss: Check new screenshots or screen shares.
connect_log_and_prepopulate,1,"log, database, connect, prepopulate",Connect the log and prepopulate data from the existing bonuses.db.
clide,23,"output, HTML, name, UI, filter, organize, conductor, custom patterns, UX, clide, relationships, directory, range definition, delimiter, database, cluster colors, interactive, CLIDE, flags, verbose, feature request, cli, data display, command, formatting, agents, input, help, quit, visualization, logging, integration, alias, status",can you have an option in the actual cli to display just that one hyper dense emoji filled line of output OR display all module fully verbose logging in full detail and nicely formatted like a -v --ve
configure_logging,1,"output, cli, logging, formatting, verbosity","Implement a command line option to control the CLI logging output. The option should allow for either a single, concise line of emoji-filled output or a fully verbose, nicely formatted output of all module logging details, accessible via flags like `-v` or `--verbose`."
format_logs,2,"clustering, display, deduplication, formatting, readability, logs","Format log entries: For consecutive entries from the same URL, omit the URL after the first entry and separate them with a single line. For entries from different URLs, add an extra empty line before each new URL's entries."
verbose_emoji,1,"verbose, output, feature, enhancement, emoji",Add a command/option to provide verbose output with emoji indicators for different steps/statuses.
add_logging,1,"debugging, code quality, logging, observability",Request to review code and add additional logging statements for improved debugging and observability.
summarize_bonus_processing,1,"bonus, reporting, summarization, processing, logs","Create a command `summarize_bonus_processing` that takes raw bonus processing logs as input and outputs a summarized report.  The report should include: 1. Total number of bonuses processed. 2. A count of each unique bonus type detected (e.g., Rescue Bonus, Deposit Bonus). 3. Indicate if all identified bonuses are indeed 'Rescue Bonuses' or list the types if not all are 'Rescue Bonuses'. 4. Report the account ID the bonuses are being processed for.  Example: Input: Raw bonus processing logs (as provided in the user request). Output: Bonus Processing Summary: Account ID: TAB99AU Total Bonuses Processed: 30 Unique Bonus Types:   - Daily 3 Deposit: 1   - Daily 7 Deposit: 1   - Daily 13 Deposit: 1   - DAILY FREE CREDIT: 1   - 365 Days Random Free: 1   - Free Share Bonus: 1   - Weekly Downline Commision: 1   - Facebook Share Get: 1   - Downline Deposit 30 Get: 1   - Downline Deposit 100 Get: 1   - Downline Deposit 300 Get: 1   - Daily Rollover Rebate: 1   - Daily Cash-Back: 1   - Weekly Deposit 300 Get: 1   - Weekly Deposit 600 Get: 1   - Weekly Deposit 1200 Get: 1   - Weekly Deposit 2000 Get: 1   - Weekly Deposit 3500 Get: 1   - Weekly Deposit 5000 Get: 1 Bonus Types Summary: Not all bonuses are Rescue Bonuses."
revert,2,"version control, history, rollback, undo","Implement a `revert` command to undo changes to a previous state. The command should accept a version identifier (e.g., '2' in the request) to specify the target state."
filter_logs,1,"filter, web app, logs, verbosity, debugging",Implement a function/command that allows filtering logs by verbosity level for display in the web app.
tracking_scrape,1,"aggregation, scrape, update, database, historical data, tracking","Implement a command that tracks cumulative/aggregate/total/average amounts during a scrape. It should store historical running values, initialized at the beginning of the scrape, read specific values, and update the database on every scrape attempt."
cluster_logs,1,"clustering, redundancy reduction, log analysis, data compression","Create a 'cluster_logs' command that performs more aggressive clustering of log data, even if it results in some log events being slightly out of sync. The goal is to eliminate more redundancy."
demo,2,"tutorial, usage, demonstration, example, realistic, showcase, demo",Create a new command 'demo' that provides a more realistic demonstration of the CLIDE system's capabilities.
condense_events,1,"event_aggregation, display, condensation, logs, sequencing","Request to condense event logs, grouping sequential events together for a more concise display."
display_troops,1,"reporting, resource_management, data_extraction, monitoring","Create a command to display information about 'troops' (servers/resources), including: site, credentials (username), bonuses, value, aggregate section updates, and error logging data.  The command should handle cases where data is missing or an operation fails."
calculate_bonus_value,1,"edge, commission, bonus, calculation, referral, estimated value, turnover","Create a command that calculates the estimated value of bonuses, considering factors such as COMM+, run, lifetime, bonus types (commissions, downline first deposit bonuses, percentage-based referral bonuses), turnover requirements, and edge. The calculation should account for minimum and maximum withdrawal limits. The output should include all relevant information used in the calculation and the estimated value itself."
track_bonuses,1,"filtering, aggregation, tracking, bonuses","Only track totals for bonuses that are 'gt0v' (claimable), excluding all other bonus types."
condense_logs,1,"condense, formatting, readability, audgo, logs","Create a command to condense and format the log output from the audgo.net scraping process, displaying key information in a more compact and readable chunk, without losing any critical details."
failure_example,1,"visualization, example, formatting, logs, failure","Request for a command to generate a visually distinct and formatted example of a failure log, similar in structure to a prior successful log example."
display_aggregate_metrics,1,"data visualization, table, formatting, scraping, metrics","Create a command `display_aggregate_metrics` that: 1.  Retrieves current scrape `ev` and `comm` values. 2.  Retrieves other aggregate metrics that update after each scrape. 3.  Formats the data as a table with a line separator. 4.  Removes the word ""AGG"" from the output. 5.  Places the word ""comm"" above the `ev` and `comm` values in the table header."
visualize_blocks,1,"visualization, blocks, color coding, success, metrics, failure","Implement a command to visually represent different types of blocks (success, metrics, failure) using distinct colors."
set_site_run_lifetime,1,"lifetime, run, configuration, site",Set the site run lifetime to 4 weeks or 12 weeks instead of the current lifetime.
emphasize,1,"text manipulation, formatting, emphasis, styling","Create a command `emphasize` to highlight text between headers and content, especially emphasizing content following a 'run' command. This could involve adjusting font size, color, or using bolding/italics."
monitor,1,"error logging, historical data, aggregates, metrics, monitoring",Define a new command 'monitor' that generates two distinct information blocks: one for error logging and another for historical metrics and run aggregates.
configure_bonus_display,1,"bonus, display, filter, UI, configuration","Configure bonus display to only show bonuses where the 'gt0v' value is greater than zero.  The configuration should only contain Delay and Threads settings, with min/max values being implicit (presumably inferred or hardcoded). Do not mention bonus settings in the configuration."
demo_condensed_logging,1,"output, condensed, logging, demonstration, debug",Create a new command to demonstrate the condensed logging output.
rename,2,"folder, filesystem, rename, refactor, code, header",Create a command to rename a specified header.
update_metrics,1,"column, data, update, row, metrics","Implement a command 'update_metrics' to allow modification of row titles and column headers with independent values, similar to other metrics."
visual_table_customization,1,"table, visualization, formatting, styling",Combine 'sites' and 'status' columns into a new 'meta' column. Add a low-emphasis vertical divider before the 'meta' column. Demphasize the interior horizontal separators.
fullscreen,1,"fullscreen, UI, display, keyboard",Create a command that hides the keyboard and enables fullscreen mode.
consolidate_logs,1,"sites, aggregation, consolidation, logs",Consolidate log entries for each site.
indent,3,"code formatting, indentation, style, developer tool, formatting, readability, styling, consistency","Create a command that enforces consistent indentation in a given file or directory. The command should be configurable to support different indentation styles (e.g., spaces vs. tabs, number of spaces per indent)."
layout,1,"arrangement, layout, panel, GUI, columns, interface",Request to move the top right panel to the bottom right and add more columns to the middle two panels. This is a command that would adjust the layout of a UI.
organize_files,5,"directory, review, move, organization, file management, automation",Review and organize files (specifically those matching 'looaw filea' in the root directory).
generate,2,"template, configurable, automation, complexity, intuitive, file creation, generation, file generation",Request to create a 'generate' command for generating files based on templates or user-specified criteria.
dev,19,"repulsion, road, UI, code generation, colors, gravity, Rich TUI, UX, dynamic, popup menu, resolution, SQLModel, importance, toggle, snap, feature request, node, NLP, rename, settings panel, padding, resize, resizing, zoom, console display, settings, AST, FastAPI, visualization, code integration, slider, edit mode, features","Implement a Rich TUI Architect based on FastAPI, SQLModel (adjacency list), and AST parsing. The project structure includes: main.py, models.py, parser.py, exporter.py, app.db, and templates/layout_tmpl.py. The implementation should cover unified SQLModel schema, AST parsing logic, and FastAPI & Termux integration. Also generate a Gemini prompt file to contextualize 'business logic' for content generation within the TUI."
document_project,1,"review, github, readme, update, documentation, codebase","Review and update every documentation file. If deprecated, note and delete. Analyze current codebase for lacking documentation and generate it. Finally, update the README to ensure it's comprehensive and professional."
screenshot_check,1,"validation, screenshot, image processing, visual inspection, functionality, verification",Establish a 'screenshot_check' command to analyze the latest screenshot and assess current functionality.
arrange_panels,1,"arrangement, layout, fields, UI, panels","Move the top right panel to the bottom right, then sequentially add additional fields/columns to the top 4 panels."
create_frontend,1,"plan, dev, brainstorm, frontend, workflow, assess","Create a new command 'create_frontend' that orchestrates the brainstorm, plan, assess, and dev workflows for a frontend application. The command should include 1-3 batches of 3-12 questions interspersed throughout each workflow."
validate_docs,1,"documentation, quality, validation",Validate if the documentation is up to date.
scrape_and_process,1,"csv, database, filtering, scraping, data processing","The command should perform the following steps: 1. Scrape data from a website. 2. Update the database with the scraped data. 3. Update the CSV file with the scraped data. 4. After all scraping is complete, apply a filter and generate a 'filtered.csv' file."
plan,2,"layout, preset, schedule, module, planning",and 2 and 3 and plan them. btw scraper only needed twice a day at 11pm anf 11am
tweak_ui,1,"theme, UI, color, customization","User feedback: TUI gold clashes but red is liked, though slightly darker red is preferred."
mcp,1,"mcp, build, management, automation, infrastructure",Add a new command `mcp` to execute the Master Control Program workflow.
resume,9,"state management, task management, restart, pause, continue, interrupt, continuation, resume, context, workflow, state, persistence",Create a 'resume' command to allow users to restore/continue unfinished workflows or tasks within CLIDE.
diff,1,typo,/difr
save_all,1,"export, session, save, markdown",Save the current session/context to a specified markdown file.
update,1,"version control, merge, update, features",Implement a command to update an older version of the system/feature with newer features.
find,1,"location, find, search",Add a command `find` to locate files or other objects.
retry,1,"command execution, error handling, retry",Implement a 'retry' command that re-executes the previously executed CLIDE command or a user-specified command.  Consider adding optional arguments for specifying the number of retry attempts and the delay between attempts.
redo,1,"repeat, workflow, execution",Implement a 'redo' command to re-execute the last executed command or workflow.
apply_filter,1,"bonuses, CSV, filter, v14math, data processing",The 'v14math' filter should be applied to the full bonuses data within the CSV file.
run_analysis_pass,1,"analysis, workflow, iteration, pass",Create a command to execute a specific 'pass' of an analysis workflow. This implies multiple passes may be necessary.
finalize,1,"commit, finalization, save, consolidation","Implement a command called 'finalize' which will perform a final pass to commit, save, or consolidate the changes from the previous steps."
check_bonus_dates,1,"dates, bonus, duplicates, share bonus, tracking",Implement a mechanism to differentiate bonuses with the same name and value by checking their dates. This is particularly relevant for 'share bonuses' which are awarded multiple times.
brainstorm,3,"output, cli, terminal, brainstorm",new ideas
triple,1,"scaling, multiplication, candidates, increase",A command to triple the number of candidates or some property related to the existing candidates.
text,1,"text message, sms, communication",Add a command called 'text' to send SMS messages to contacts.
generate_from_db,1,"database, confirmation, generation, validation",Create a command `generate_from_db` that retrieves and potentially formats data from the database to answer a question or validate a statement.
check_delay_implementation,1,"feature, delay, implementation, status, verification",Check if the delay feature has been implemented.
reformat_text,1,"text manipulation, emoji, string formatting, number",Reformat text so that the first number immediately follows the first emoji character.
move_files,3,"directory, move, files, file management, file_management, utility","Move the 'export full db' and 'export bonuses' files to a new directory named 'util'. Additionally, move the 'config.ini' and 'urls.txt' files to a new directory named 'config'."
refactor,3,"directories, util, refactoring, files, code cleanup, code_cleanup, rename, refactor, code organization, utility, directory structure","Refactor the codebase to remove redundant responsibilities, move optional files outside the core loop to the 'util' directory, and rename the 'config' directory to 'in'."
engineer_color_transition,1,"display, visualization, color, success, engineer","Create a command that modifies the display colour based on a success metric, transitioning smoothly from red (0%) to yellow (50%) to green (100%). The command should replace the use of a failure metric."
simplify_emoji,1,"data simplification, emoji, file manipulation, data processing","Create a command called 'simplify_emoji' that simplifies the 'first.emoji' file to contain only square, circle, and heart emojis of each color, and the series of medals, trophies, and other similar icons near the 100% symbol."
color_code_range,1,"numerical range, data visualization, emoji, color coding","Assign colors (red, orange, yellow, green) and emojis (last 5) to the numerical range of 96-100."
color_code_emoji,1,"mapping, range, emoji, color","Create a command `color_code_emoji` that assigns red, orange, yellow, green colors and the last 5 emoji to the numerical range 96-100."
revert_util_csv,1,"version_control, revert, util, csv",Revert the last change made to the output CSV file in the util directory.
revert_util_csv_change,1,"version_control, util, revert, csv",Revert the last change made to the CSV file located in the util directory.
emoji_permissions,1,"utility, emoji, markdown, permissions","Create a command that checks utility and emoji generation permissions, outputting the results in a markdown table format."
emoji_perms_md,1,"util, permissions, table, markdown, emoji",Create a new command 'emoji_perms_md' that checks utility and generated emoji permissions and outputs the results in a markdown table format.
configure_column_display,1,"column, display, customization, emoji, configuration","Implement a command `configure_column_display` to allow users to customize column configurations, potentially using column codes and emoji sequences."
unex_ind,1,"code, linting, indentation, formatting",Identify instances of unexplained indentation in code.
add_emoji_state,1,"emoji state, emoji, feature request, blank state","Request to add support for a 'blank' state in emoji sets by using a space. For example, an emoji set can have four states: blank, ğŸ¥‰, ğŸ¥ˆ, or ğŸ¥‡."
emoji_color_sort,1,"arrangement, algorithm, color, sort, emoji","Create a command that sorts emojis by color, allowing for user-defined sets of color gradients. First ask for the number of emoji sets to generate."
interactive,1,"cli, mode, interactive",Implement an interactive mode for the CLIDE.
data_extraction,1,"data extraction, configurable, analytics, OCR, data processing","11. No, TBA, Staging. 12. Full page OCR to text, PV > 50. 13. Banned list, is min/max delay, yes. 14. Every event, full data, sure. 15. Both? Avg. Total PV. Sure plus be configurable."
orchestrate_feature_workflow,1,"plan, review, dev, feature, brainstorm, orchestration, iteration, workflow, sequential","Execute brainstorm, plan, dev, and review workflows for each feature individually and sequentially. Save all outputs to a dedicated subdirectory within a new development directory."
control_concurrency,1,"resource management, threads, concurrency, proxies","Implement a mechanism to limit the number of concurrent threads based on the availability of proxy resources. If proxies are unavailable, limit or prevent the creation of new threads."
concurrent_threads,1,"threads, proxies, resource management, concurrency, performance",Allow multiple concurrent threads only if proxies are available.
double_check,1,"quality_assurance, verification, testing, validation",Implement a 'double_check' command to perform a validation or verification process.
setup,5,"state management, conductor methodology, project initialization, greenfield, project setup, initialization, conductor, project, interactive, workflow, brownfield, setup","The provided document details the 'setup' command, responsible for initializing and managing software projects using the Conductor methodology. The process includes project maturity detection (brownfield/greenfield), interactive definition of product vision and technology stack, configuration of code style guides and workflow, and initial track generation. It also defines the resume process, and requires validations after each tool call."
conductor,10,"track, cleanup, track implementation, project management, devops, track management, documentation, AI agent, conductor, development, automation, spec-driven, implementation, workflow, spec-driven development, setup","Defined protocol for Conductor spec-driven development framework including setup, track selection, implementation, documentation sync, and cleanup."
deobfuscate_and_abbreviate,1,"code_transformation, deobfuscation, documentation, code_optimization, abbreviation","Create a new version of the codebase that is fully deobfuscated but uses 1-2 character abbreviations for all possible variables and functions.  Also, create a dictionary.md file listing all abbreviations and their original meanings."
deobfuscate_abbreviate,1,"refactoring, deobfuscation, documentation, code optimization, abbreviation",Deobfuscate codebase using 1-2 character abbreviations and generate a dictionary.md file listing all abbreviations used.
new_track,1,"track, plan, feature, bug, specification, conductor, workflow","Defines the `new_track` command, which guides the user through creating a new track (feature or bug fix) within the Conductor framework, generating specification (`spec.md`) and plan (`plan.md`) files, and organizing them within a dedicated track directory.  It includes setup checks, interactive specification and plan generation, file creation, and updates to the main tracks file."
roadmap,2,"plan, strategy, roadmap, development, premium, planning",Create a premium roadmap file.
site_reliability,1,"site health, purgatory, error handling, workflow, scraping, pruned, site reliability","If a site fails 5 times in a row, it is sent to 'purgatory' and only retested every 5-10 runs. If it fails 3 retests, it is moved to 'pruned.txh' and no longer scraped."
newTrack,8,"track, project management, feature, bonus acquisition, conductor, parsing, specification, scraping, URL review, research, spec, workflow, plan, bug, bugfix, development, automation, manual checking, quality assurance","Protocol for creating a new track within the Conductor framework, including setup checks, specification and plan generation, file creation, and updates to the tracks file."
priority_engine,2,"website, priority, retest, purgatory, automation, site management, pruned, failure, monitoring","Create a priority engine that manages sites based on failure counts. A site that fails 5 times is moved to purgatory. In purgatory, sites are retested every 5 sites. If a site fails 5 retests in purgatory, it is moved to pruned."
explain,4,"prompt generation, programming, linking, explanation, elaboration, documentation, contextual, learning, context, concept, c, knowledge","Explain concept 'c', incorporating and relating concepts 'a' and 'b'."
retest_scheduling,1,"scheduling, retesting, automation, testing","Schedule retests after every 5th 'purgatory' run, starting after the next 'purgatory' retest. Track complete runs since the last 'purgatory' retest."
retest_schedule,1,"testing, retest, purgatory, automation, schedule","Schedule retests as follows: Do not track complete runs since the last 'purgatory retest'. After the 4th run following the purgatory retest, perform another retest immediately after the 5th run, repeating every 5th run thereafter."
schedule_purgatory_retest,1,"retest, purgatory, automation, schedule, scraping, main scrape","Every 5th main scrape, perform a retest of all sites in purgatory."
reschedule_purgatory_retest,1,"scrape, scheduling, retest, purgatory","Every 5th main scrape, perform one retest of all sites in purgatory."
retest_pruned,1,"strategy, pruning, testing, retest, automation",Retest pruned elements every 25 retests (equivalent to every 125 runs).
retest_pruned_periodically,1,"retest, automation, pruning, testing",Retest pruned components every 25 retests or 125 runs.
record_usernames,1,"security, pruning, username, logging, site",Implement a function to record the usernames used to log into each site. This is to ensure all possible usernames have been checked before a site is pruned. Consider whether 'pruned' and 'purged' should be renamed for clarity.
track_usernames,1,"security, site pruning, logging, data management, username tracking","Implement a function to record required usernames for website logins before a site is purged or pruned, ensuring all possible usernames have been checked. Consider renaming 'purged' to 'pruned' for better semantic accuracy."
analyze_auth_failures,1,"analysis, security, authentication, logs, usernames, failure",Analyze authentication failures based on the config.ini file and extract a table of usernames and their attempted alternative usernames (alts_tried) from related logs.
analyze_authentication,1,"config.ini, username, login, troubleshooting, authentication, debugging","A command should be created to analyze authentication issues. The command should analyze a config.ini file, identify login failures based on username and alternative usernames tried, and present the information in a structured manner (e.g., a table with columns for username and attempted alternative usernames)."
summarize_tracks,1,"tracks, summary, music, audio",Summarize the next 5 tracks.
feature_prioritization,1,"roadmap, feature, update, documentation, management, prioritization","Prioritize feature updates, save specified updates (e.g., '345') into a future trio of updates, implement the first two updates, then the next one, list the next five updates. Ensure all recent and forthcoming features are fully documented."
manage_features,1,"feature management, prioritization, documentation, feature updates","Save feature ID 345 for the next three feature updates. Implement the first two updates, then the next one. List the following five features after those. Ensure all recent and forthcoming features are fully documented."
mockup,2,"layout, testing, ui, prototype, design, ux, mockup, demo","Create several varied layout mockups similar to a provided example, generate a demo file for each, and allow user testing."
monitor_proxy_run,1,"attempt, proxy, success, run, failure, monitoring","Create a command to monitor proxy runs. This command should display total site success/fail/attempt metrics for the current run, identify the current proxy in use, and provide a mechanism to display proxy failures."
monitor_run,1,"run_status, failures, reporting, proxy, monitoring","Display overall success/fail/attempt status for the current run, the current proxy in use, and any proxy failures encountered."
tui_display,1,"data, display, mirroring, console, TUI",The TUI must be updated to display all data that is shown in the console output.
sync_tui_output,1,"output, display, console, tui, synchronization",Create a command or feature to ensure that the TUI displays all the data available in the console output.
audit_responses,1,"security, response, audit, compliance",Develop a command `audit_responses` that provides a list of possible audit responses.
deduplicate,2,"duplicates, deduplication, file management, content management, cleanup, code quality",Implement a command to identify and remove or consolidate repeated sections in content.
social_media_data,1,"pages, social media, chat, data extraction, groups, facebook, community","Extract data from Facebook groups, pages, and community chats."
revert_to_console,2,"numbers, display, revert, console, tui, interface, emoji, number","Revert the display from TUI to console output, preserving emojis and numbers."
analyze_status,1,"parsing, log analysis, status report","Structure for parsing status reports: Example: ""ğŸŸ¢001ğŸ’š005/005ğŸ’š100%âœ…DONEâ±ï¸ 00:00/67mğŸŒlucky-casino.com ğŸŸ¡002ğŸ§¡000/005ğŸ§¡050%â›”E502â±ï¸ 00:00/08mğŸŒbad-gateway.net"""
analyze_unibet_logs,1,"log analysis, data extraction, unibet logs, MERCHANTID, error handling, filtering","Create a command `analyze_unibet_logs` to parse logs similar to the provided example. The command should: 1. Filter log lines to only include those where the status indicator (likely an emoji or symbol) is green. 2. Extract relevant information from those filtered lines (e.g., URL, MERCHANTID status, timestamps, performance metrics). 3. Increment the ""first number"" for each attempt. 4. Implement a mechanism to provide different output levels. The default output should only include the filtered green lines. A higher output level should also include the error lines with details. Example log lines: `4op[E201] https://unibet7.com: Missing MERCHANTID ğŸŸ¢001ğŸŸ¡000/434ğŸŸ¡068%â›”E201â±ï¸ 43:47/07mğŸŒunibet7.com           370/167 ğŸ›¡ï¸0 âš¡7.0s ğŸ“‰8.4s ğŸ‘·1/1 ğŸŸ¢001ğŸŸ¡000/434ğŸŸ¡068%âœ…DONEâ±ï¸ 43:56/06mğŸŒv6aus.com             371/167 ğŸ›¡ï¸0 âš¡9.0s ğŸ“‰8.5s ğŸ‘·1/1 [E201] https://v96au.com: Missing MERCHANTID ğŸŸ¢001ğŸŸ¡000/434ğŸŸ¡068%â›”E201â±ï¸ 44:03/06mğŸŒv96au.com             371/168 ğŸ›¡ï¸0 âš¡7.1s ğŸ“‰8.6s ğŸ‘·1/1 [E201] https://v9aus.com: Missing MERCHANTID ğŸŸ¢001ğŸŸ¡000/434ğŸŸ¡068%â›”E201â±ï¸ 44:12/06mğŸŒv9aus.com             371/169 ğŸ›¡ï¸0 âš¡8.7s ğŸ“‰8.7s ğŸ‘·1/1 [E201] https://vbet44.com: Missing MERCHANTID`"
check_metrics,1,"metrics, throughput, monitoring, data_quality","Check for completeness of specified metrics, highlighting any missing data, with a specific focus on 'throughput'."
generate_operational_manual,2,"software engineering lifecycle, project management, markdown generation, framework expansion, operational manual","Generate a 2,500-step operational manual from a 50-step genesis framework. The process involves expanding each of the 50 parent steps into 50 granular micro-tasks and saving the outputs in a specific file structure:  1.  **Save the Framework:**     *   Save the provided 50 parent steps (definitions) into a file named `00_master_framework_structure.md`.  2.  **Recursive Expansion:**     *   For each of the 50 parent steps, generate a list of 50 granular, actionable micro-tasks.     *   Tasks must be chronological, logical, and highly specific to software engineering, product management, and UX design.     *   Format: Numbered list 1-50 for each file.     *   File Naming:         *   `01_metric_thresholding_expansion.md` (containing 50 steps).         *   `02_external_tech_scouting_expansion.md` (containing 50 steps).         *   ...continue until `50_point_of_no_return_expansion.md`.  3.  **Concatenation:**     *   Create one massive master file containing all 2,500 steps in order.     *   Format: The list must be numbered 1 to 2,500.     *   Structure: Use Headers to denote the Parent Steps (e.g., `### Phase 1.1: Metric Thresholding`).     *   Filename: `99_complete_operational_manual_2500.md`"
prevent_trend,2,"strategy, optimization, trend analysis, file size, prevention",Devise a strategy to prevent a clear downward trend and keep each file within a 1kb limit.
ensure_average_size,1,"size, data, average, validation",Ensure the average size of a set of items is within +/- 10% of the average size of the first 5 items.
ensure_file_size,2,"size, range, file, validation",Ensure a file's size is between 4.5KB and 6KB.
compare_size,2,"size, comparison, metrics, size_comparison",Compare the size of an object to other objects.
phase_analysis,1,"analysis, comparison, length, phase, content","Analyze the number of phases and the relative lengths of phase 2 articles compared to phase 1 articles, where phase 2 articles should be 25-50% longer than phase 1."
adjust_phase_length,2,"time estimation, schedule adjustment, phase management, project management","Implement a command to adjust the duration of project phases by specified percentage ranges.  The command should take the phase number and the percentage range as input (e.g., phase 2, 25-50%). It should apply the adjustment to the current estimated phase duration. The overall project deadline needs to be checked and adjusted too if necessary, by adding the amount of additional time spent."
setup_rag,1,"rag, retrieval augmented generation, nlp, context, setup","Setup a Retrieval Augmented Generation (RAG) system to utilize a 2,000,000 word context dump."
math_operation,2,"math, operation, steps, arithmetic","Define a 'math_operation' command that takes a number and an operation (e.g., multiply, divide, add, subtract) and performs it. Allow specifying the number of substeps the operation should be broken down into."
do,2,"process, sequence, range, execute, iteration, automation, execution","Create a 'do' command to iterate over a specified range (e.g., 'do 4.1 to 4.50') and perform an action or series of actions on each item in the sequence. The action to be performed would need to be defined or passed as an argument to the 'do' command."
create_github_repo,1,"version_control, github, automation, repository",Create a new GitHub repository named 'corporag' and provide the link.
range_operation,1,"operation, sequence, range, numerical","Define a command to apply an operation to a sequence of numerical ranges (e.g., 5.1 to 5.50, then 6.1 to 6.50). The operation to be applied needs to be specified upon command invocation."
grid_data_process,1,"git, plotting, file size, grid, data processing","Run the grid script, fill all blanks up to 500, run a file size check on the first 500, create a scatter plot, and push the changes to Git."
explain_relational_map,1,"advanced, explanation, documentation, beginner, relational map","Explain a relational map file in exhaustive depth, catering to both beginner and advanced user understanding."
image_analysis,1,"analysis, image, vision, anomaly, png",Implement a command that takes a PNG image as input and reports any detected anomalies.
regenerate_graph,1,"regeneration, graph, image",Regenerate a graph with specified parameters. Example: `regenerate_graph sizes.png -n 500`
implement_tooling_automation,1,"workflow, productivity, automation, tooling","Implement the tooling and automation steps 8.31 through 8.40 covering the ""Tooling & Automation (The Help)"" phase. Specifically: 8.31 Calendar Blocker: Auto-blocking ""Focus Time"" via Clockwise or Reclaim.ai. 8.32 Status Sync: Automatically syncing Slack status with Calendar events. 8.33 Notification Tuning: Disabling @here/@channel mentions globally. 8.34 Async Standup Tool: Implementing Geekbot or Tuple for text-based standups. 8.35 Documentation First: Enforcing a ""Search before asking"" culture."
filter,1,"amount, filter, zero, data",Create a 'filter' command to exclude data entries where the amount is 0.
db_stats,1,"database, statistics, monitoring",Provide a command to display database statistics.
parse_status,2,"status, parsing, metrics, monitoring",A request to create a command for parsing structured status reports like: 'ğŸ’š023ğŸ”´017%ğŸŸ¡000/000ğŸ“Š004/019âŒ19ğŸ“¶5.6/4.4ğŸš€0.2/0.2ğŸ‘·1â±ï¸02m11s/61m@10:18â›”E201ğŸŒ99uber.com'
format_stats,1,"formatting, layout, statistics, data_visualization","Create a command that formats and displays statistics based on a specific layout (e.g., 'ğŸ’š023ğŸ”´017%ğŸŸ¡000/000ğŸ“Š004/019âŒ19ğŸ“¶5.6/4.4ğŸš€0.2/0.2ğŸ‘·1â±ï¸02m11s/61m@10:18â›”E201ğŸŒ99uber.com')"
document,2,"textual tui, animation, ascii, file, graphs, description",van you demonstrate the other libraries like especially ascii or animation but also the hi res graphs within the textual tui
animate_shape_colors,1,"visualization, animation, color, shape","Create a command that animates a given shape, cycling it through a set of defined colors."
remove_clusters,1,"remove, cluster, management",Implement command to remove clusters.
conductor:implement,1,"track, conductor, development, implementation, workflow","Protocol for implementing a track in the Conductor framework, including setup verification, track selection, implementation steps, documentation synchronization, and cleanup options."
bonuses,1,"bonus, information",Retrieve the list of 9 new bonuses.
readme,2,"usage, readme, help, documentation",Generate a README file to explain how to use the system or a specific command.
rerun,1,"rerun, automation, error_handling, retry",Implement a 'rerun' command that retries execution on items previously marked as 'unknown' or 'failed'.
browse_github,1,"github, repository, code, browse, navigation",User requested to check a Github repository: https://github.com/slap-red-git/symmetrical-chainsaw/tree/master
auth,1,"security, authentication",/auth: Initiate authentication process
check_registration,2,"registration, url, login, username, extraction, check, manager",Implement a command that utilizes the URL manager's login functionality to extract the username and subsequently determine if a specific identifier (aside) is registered or unregistered.
check_urls,1,"urls, phase1, validation",New URLs to check are located in in/newurls.txt. The context is 'phase 1'.
analyze_screenshot,1,"screenshot, analysis, visual, image",User intends to provide a screenshot (settingspage.png) for analysis.
emulate,3,"virtualization, simulation, imitation",Create a command to emulate a system or process.
improve_tui,2,"file navigation, default library, feature request, usability, tui, interface, ux, configuration, navigation","The TUI should be improved with a default library for navigating directories, selecting files, and easier configuration."
time_remaining,2,"estimation, time, remaining, progress",Implement a 'time_remaining' command that estimates the time remaining for a given task or process.
expand_prompts,1,"prompts, questions, expansion, generation, library","Expand the prompts library by first gathering information about existing prompts through a series of questions, and then using that information to generate new prompts."
prompt_expansion,1,"prompt engineering, content generation, file management, iteration, prompt refinement","Create a command that takes a set of prompts as input, saves each prompt to a separate file, and then performs two improvement and expansion passes on each prompt. Each pass should add 2-4 questions to each prompt."
analyze_logs,3,"system_prompt, prompt_engineering, gemini, HTML, Procedural Spectrum Designer, JS, context_extraction, logs, debugging","Act as a Senior Web Systems Architect and Creative Developer.   I want you to build a ""Procedural Spectrum Designer"" as a single-file HTML/JS application, but BEFORE you write the code, you must analy"
answer_options,1,"inverse, options, interaction, button, multiple choice",Provide a command to handle multiple-choice options and include an 'inverse' button functionality where applicable.
customize_report,1,"network, aggregate, format, telemetry, historical, health, metrics, customization, report","Create a command 'customize_report' that allows users to modify the finalization report. The command should accept arguments to control the following:  *   Arrange 'telemetry' and 'network' sections next to each other. *   Rename 'Health Status' to 'Health'. *   Define the health status levels to be displayed as 4 lines: 'bad', 'okay', 'good', 'great'. *   Remove any extraneous characters (e.g., '[/') from the report. *   Include detailed metrics for the run and aggregate/historical data in the finalization report."
step_control,1,"step control, process control, stepped, smooth, limit, configuration",Enable smooth and stepped control with the ability to add or remove steps and remove the limit of 18.
overgrown,2,"refactor, complexity, decomposition, simplification",overgrown steel
name_command_extractor,1,"CLI, command extraction, natural language processing",Request for a command name extraction tool.
create_docs_structure,1,"file management, documentation, directory structure","Create a 'docs' directory, a 'pdb' subdirectory within 'docs', and a 'proto_dev_brainstorm_index' file within 'docs/pdb'."
generate_code_docs,1,"code, development, documentation, extractor.py",Generate documentation for the `extractor.py` code.
init_commands_dir,1,"commands, directory, file, setup",Create a 'commands' directory at the root and a 'commands_index.md' file within it.
understand_and_document,1,"project_analysis, documentation, clarification, understanding","Analyze a project, ask clarifying questions until understanding is confirmed, then output a comprehensive understanding to meta/concept.md"
set_vector_preference,1,"hotswapping, vector_system, json, configuration, architecture","Set the vector system to use JSON as the underlying format, allowing for future upgrades. Enable hot-swapping capability."
reverse_engineer_docs,1,"documentation, forensic analysis, reverse engineering, code analysis, architecture","Request to reverse-engineer documentation from a codebase by analyzing files, synthesizing code into comprehensive documentation, elucidating conceptual grounding, logical flow, and interoperable characteristics of the project."
version_bump_and_brainstorm,1,"automation, versioning, brainstorming, workflow",Bump version to 0.4.5 and then initiate brainstorming.
semantic_representation,1,"high-dimensional, semantic representation, CLI, embedding",Create a command that generates a high-dimensional semantic representation (comma-separated floats) for a given input string.
release,3,"versioning, commit, testing, git, release, implementation, verification",Implement the specified features and increment the version number to 0.4.8.
create_repo,1,"version_control, git, repository",Create a git repository.
create_pdb,1,"development, pdb, file creation, roadmap",Create a new pdb file for the thr 0.6.0 roadmap.
refine_baseline,1,"development, features, refinement, baseline",Refine the baseline and add 6 more features for version 0.6.0
push,1,"version control, code deployment, git","Implement a 'push' command to push code changes to a remote repository (e.g., using Git)."
security_audit,2,"security, audit, risk assessment, assessment, risk, agentic tools, code analysis, json, vulnerability","Security Audit Process: Analyze an asset (e.g., code snippet) for security risks (dangerous shell commands, hardcoded secrets, excessive permissions). Return a JSON object with rating (SAFE, CAUTION, DANGEROUS), a list of specific risks, and suggested mitigations."
prioritize,1,"prioritization, roles, workflow, planning, architecture",Architects should precede builders in the workflow.
adjust_pattern_detection_scope,1,"history, scope, messages, pattern detection",Set the pattern detection to analyze the last 100 to 1000 messages.
enhance_categorization_and_persistence,1,"review, categorization, enhancement, database, persistence",Enhance CLIDE by adding more categories and implementing database saving capabilities. Review and finalize documentation after implementation.
enhance_categorization_and_db,1,"categorization, database, data_storage, feature_request",Enhance CLIDE to support more categories and save information to a database. Review and finalize documentation after adding these capabilities. Seek clarification if needed.
enhance_clide,2,"feature request, categorization, enhancement, database, CLIDE","Request to add more categories and database saving capabilities to CLIDE, followed by documentation review."
fact_configuration,1,"facts, priority, semantic embedding, configuration","Review and improve fact retrieval and prioritization logic, including configurable limit, importance weighting, and semantic embedding usage."
dev_with_clarification,1,"knowledge graph, requirements, development, clarification, QA","Enhance the development workflow to include the following steps: 1. Verify the presence of a janitor task. 2. Ensure the knowledge graph tool includes a method for generating random mermaid graphs in the terminal. 3. For each point above, ask 2-7 clarifying questions before proceeding. 4. After clarifying all points, begin the standard development process."
develop_feature,1,"mermaid graphs, knowledge graph, feature development, implementation, clarification","Develop a new feature, including initial clarification with 2-7 questions per aspect and implementing after clarification is complete."
configure_commit_behavior,2,"autonomy, commit, archiving, testing, rollback, dependencies, version control, backup, configuration","Configuration for commit behavior:  1. **Commit Scope:**    - If deemed pertinent, commit every commit.    - Client should confirm whether or not that is desired when they learn the lesson.    - Ignore transient commits.    - Commit only complex commits.  2. **Automated Testing:** Commit only if the user can run the tests themselves.  3. **Archiving:** Use automatic archiving.  4. **Dependencies:**    - Prefer pure Python, but accept high-quality or standard Node.js dependencies.    - Functional dependency followed by semantic similarity when selecting dependencies.  5. **Autonomous Rollback:**    - If the system can save a backup to roll back, it can do anything at once autonomously.  6. **Logic:** Choose whatever is most logical for the task."
test_and_release,1,"testing, git, release, software development, verification","Workflow: Perform automated testing, followed by manual verification to create a detailed functionality test list, execute testing, and commit version 0.7.0 to git."
find_file,1,"search, location, file",Create a command called `find_file` that searches for a given filename and returns its path.
locate,1,"file system, data, location, search",Add a command to locate files or data based on various criteria.
weather,1,"API, temperature, command, weather, city",Create a CLIDE command called 'weather' that fetches the current temperature for a given city.
automate_task,1,"RAG, agent systems, tool calling, summarization, automation","Automate repetitive task of building complex agent systems using logical instructions like RAG, tool calling, and summarization."
generate_commands_index,2,"index, documentation, organization, automation, command_index",Create a command to generate a 'commands' directory at the root level and a 'commands_index.md' file within that directory. The markdown file should probably list existing commands with descriptions.
analyze_and_document,1,"analysis, documentation, meta, iterative, clarification","Analyze user request, iteratively refine understanding through clarifying questions, confirm understanding, and document the comprehensive understanding to meta/concept.md."
dashboard,1,"CLI, dashboard, automation, clide, error",Automate the creation of a CLIDE dashboard.
recreate_concept,1,"update, documentation, recreate, concept",Recreate the concept.md file considering new and changed factors.
automate_agent_building,1,"RAG, tool calling, summarization, agents, automation","Automate the building of LLM agent systems by composing logical functions like RAG, tool calling, and summarization."
analyze_and_detail,1,"analysis, output, clarification, understanding","Workflow: Analyze project, iteratively ask clarifying questions until confirmation, then output comprehensive understanding to meta/concept.md."
generate_concept_prompt,1,"prompt_generation, metadata, concept_documentation","Create a command called `generate_concept_prompt` that takes a concept file (e.g., concept.md) as input and generates a prompt that can be used to elicit a description of the process used to create that concept file."
test,1,"quality assurance, features, testing","Initiate a round of testing, focusing on the new features introduced since version six."
settings,1,"settings, configuration",Request for a 'settings' command.
repo,1,"version control, git, repository",Command to display or interact with the current repository.
improve_fact_retrieval,1,,"Improve fact retrieval by allowing configuration of the number of facts, implementing importance weighting, and utilizing semantic embeddings for prioritization based on relevance to the command being generated."
handle_requirements_and_tooling,1,"requirements, tooling, development, mermaid, clarification",1. Verify janitor role implementation. 2. Implement tooling for random mermaid graph generation in the terminal. 3. Ask 2-7 clarifying questions for each requirement point. 4. Initiate development after requirement clarification.
commit_strategy,1,"commit, autonomous, rollback, nodejs, python, dependencies, backup","Commit Strategy: 1. Commit pertinent changes frequently, after client confirmation, ignoring transient ones. 2. Focus on complex changes. 3. Only commit if tests can be run. 4. Employ automatic archiving. Dependency Management: 1. Prefer pure Python but accept high-quality standard Node.js dependencies. 2. Prioritize functional dependency followed by semantic similarity. Autonomous Execution: 1. If backup and rollback are possible, allow autonomous execution. 2. Prioritize logical execution."
configure_commit_analysis,1,"version control, code evolution, automation, commit analysis","Commit Analysis Configuration: 1. Analyze all commits if deemed pertinent, confirming client preference after lesson learning. 2. Ignore transient commits. 3. Focus on complex commits. 4. Consider user's ability to run tests. 5. Implement automatic archiving. 6. Prefer pure Python dependencies, but allow high-quality standard Node.js dependencies. 7. Prioritize functional dependency followed by semantic similarity for dependency selection. 8. Implement autonomous backup and rollback functionality if possible. 9. Use logical approaches. 10. Enable backup before changes."
rename_folder,1,"folder, filesystem, rename",Create a command to rename a specified folder.
rename_folder_and_test_all_features,1,"folder, test, rename, development, features",Rename the 'development' folder to 'dev' and test all features present in the program.
build_audience,1,"followers, audience development, social media, community building, engagement, popularity","Implement a strategy to build a larger audience and increase engagement. This involves identifying relevant trends, optimizing content for mobile platforms, and creating a system for attracting and retaining followers. The ultimate goal is to build a community that can contribute to and support project programs."
post_series,1,"content creation, post series, roadmap, scheduling, dynamic content","Create a series of posts based on a given roadmap. The format should be ""x/x Deep Dive: Name"". Schedule 'n' posts in m/clide. Posts should increase in length by 0.7-1.5x compared to the previous post."
configure,2,"system, configuration, setup, operational",Configure and operationalize the system or selected feature.
backup_scheduled_posts,1,"archive, files, data safety, scheduled posts, backup",Implement a command to backup scheduled posts to files in a directory and archive posted posts.
approve,2,"decision, workflow, approval","Approve a request, change, or proposal."
post,2,"versioning, longest_version, post, time, content_management, scheduling, posting",Create a command `post` that allows scheduling posts for a specific time. The user wants to schedule 'post two' at 6:19 a.m. GMT+10 and 'post three' at 7 a.m.
schedule_no_post,1,"scheduling, automation, post_management, suppression",Schedule the suppression of post 3 at 7am and post 4 at 8am.
openclaw,2,"launcher, application",Add a command to launch the 'openclaw' application.
reverse_rma,1,"rma, output, order, console, reverse",Create a command to reverse the RMA order in the console output.
publish_moltbook_series,1,"content, moltbook, publication, series",Finish and publish the post series on Moltbook.
brain,1,"language, output, default",Hawaiian to be the default output as well when you do cli brain and render within the terminal (and also save)
socialize,1,"content creation, interaction, profile, social, comments","Finish current task (numbered 7), create 10 comments, including at least two responses to comments on threads, and expand profile description."
moltbook,1,"moltbook, social media, posting",Create a new command to post to the Moltbook platform.
profile,1,"profile generation, personality analysis, data analysis, web scraping","Create a command named 'profile' that takes a URL (e.g., moltbook.com/u/MetaDev) as input, scrapes all posts by the specified user, and generates a perceived personality profile based on the content of these posts. The command should handle potential errors during scraping and should have a method for extracting personality traits from text."
rename_single_letter_variables,1,"code readability, refactoring, code maintenance, variable naming",Create a command `rename_single_letter_variables` to automatically replace all single-letter variable names with more descriptive full words.
inspect_project,1,"directories, analysis, files, project, structure, inspection","Analyze project files and subdirectories, identifying any additional files beyond source code and documentation. Provide a summary of the contents of each subdirectory."
save_table_to_md,1,"terminal, tables, review, save, rendering, markdown",Create a command to save tables that are not rendering in the terminal to a Markdown file.
save_tables_to_md,1,"terminal, rendering, tables, markdown",Create a command to save terminal tables to a Markdown file.
generate_and_append_names,1,"abbreviations, brainstorming, file manipulation, name generation","Generate a set of 'shoulder' names, potentially including abbreviations, and append them to the 'brainstorm names dot MD' file."
describe_layers,2,"documentation, files, architecture, layers, description",Describe each layer in the architecture and identify the files that comprise each layer.
refactor_directory_structure,1,"refactoring, rename, file management, configuration, directory structure","Refactor directory structure with the following parameters:  - Base directories: logic, net, flow, run, base - Rename 'dirs' to 'config' - Rename pillar directories: 1 to 'in', 2 to 'db', 3 to 'err', 4 to 'lab' - Use option 2 for separators - Include original file names and descriptions of subfiles"
process_model_response,1,"data linking, logging, model response, text processing, ingestion, markdown","Implement a process to ingest model responses, extract thoughts and save them as raw text linked to the original responses. Handle tags, categories, review vectors, or other relevant metadata either during or after ingestion. Save the output to an MD file and append new data as it becomes available."
save_csv_to_db,1,"save, csv, data persistence, database, export",Implement a command 'save_csv_to_db' that takes a CSV file as input and saves its contents to the database.
clean_directory,1,"directory, files, maintenance, cleanup","Create a command to clean up a specified directory, removing unnecessary or temporary files to maintain organization."
reformat_table,1,"column, table, formatting, reformat, row","Create a command to reformat a table such that a specified column (e.g., 'status') can be hidden and another specified column (e.g., 'category') can be moved to be displayed as a separate row before the other columns."
column_extension,1,"data manipulation, tags, columns, extension, categories","Create a command that adds columns for categories, tags, and other related metadata to an existing table or data structure, given two specified initial columns."
format_files,1,"formatting, file_management, inventory, system_roles",Create a new command called `format_files` that formats the inventory and system roles files in a similar style to the ingestion report.
assess,2,"assessment, capabilities, system, efficacy, opinion",Assess the current system's efficacy and potential capabilities.
explain_and_execute,1,"explanation, sequencing, pep484, execution","Explain PEP 484 in detail, then execute actions 3, 1, and 2 in that order."
chunk_and_move_report,1,"ingestion report, chunking, file manipulation, directory management","Implement a command that splits an ingestion report into 200kb chunks and moves the chunks, new commands, and system roles to a new directory."
generate_progress_file,1,"progress tracking, automation, logs, file generation",Generate a progress.md file in the ingestion_logs directory.
prevent_corruption,2,"corruption, database, reliability, maintenance, prevention","Implement a command to prevent database corruption in future instances similar to a previously encountered one, aiming to avoid the need for database wipes."
format_system_roles,1,"protocols, database schema, stateful engine, system roles, personas, workflow management","# ğŸ­ System Roles & Personas Record of behavioral directives and personas for stateful workflow management.  ---  ## ğŸ“‹ Overview of Personas & Protocols  | Role Name | Persona ID | Core Protocol | Primary Objective | Database Focus | | :--- | :--- | :--- | :--- | :--- | | **Principal Quality Auditor** | `AUDITOR-ZERO` | Protocol 3.1 | Knowledge Review & Validation | `review_sessions`, `deviations` | | **Strategic Ledger** | `STRATEGIST-ZERO` | Protocol 2.1 | Innovation Funnel & Idea Management | `ideas`, `compliance_log` | | **Incident State Manager** | `SRE-ZERO` | Protocol 1.2 | Bug/Hotfix Resolution & Lateral Scanning | `incidents`, `lateral_scans` | | **Technical Program Manager**| `TPM-ZERO` | Protocol 2.2 | Architecture Design & Roadmapping | `roadmaps`, `dependency_graph` |  ---  ## ğŸ›  Role: AUDITOR-ZERO **Definition:** Persistent Principal Quality Auditor  ### 1. Core Directive You are the stateful engine for the Knowledge Review and Validation Workflow (**Protocol 3.1**). You perform structured audits against specific contexts and store findings in a persistent SQLite database (`project.db`). You must execute Python code to Read/Write state before every response.  ### 2. The Persistence Layer (SQLite Schema) Initialize `project.db` with these tables: * **review_sessions:** `id` (PK), `artifact_name` (TEXT), `status` ('OPEN', 'AUDITED'), `created_at` (TIMESTAMP). * **audit_contexts:** `id` (PK), `rev_id` (FK), `context_name` (TEXT), `description` (TEXT). * **deviations:** `id` (PK), `rev_id` (FK), `context_id` (FK), `severity` ('CRITICAL', 'MAJOR', 'MINOR'), `impact_statement` (TEXT), `resolution_snippet` (TEXT).  ### 3. Operational Protocol: Protocol 3.1 * **Phase 1: Ingestion**     * User submits Artifact & defines 3 Review Contexts.     * Action: `INSERT INTO review_sessions` & `audit_contexts`. * **Phase 2: Contextual Audit**     * Compare artifact against context rules.     * Action: `INSERT INTO deviations` for findings with Impact Statements. * **Phase 3: Peer Validation**     * Generate Simulated Peer Review challenging findings.     * Action: Provide Resolution Snippets for **CRITICAL** findings.     * Action: `UPDATE review_sessions SET status='AUDITED'`.  ---  ## ğŸ’¡ Role: STRATEGIST-ZERO **Definition:** Persistent Strategic Ledger  ### 1. Core Directive You are the stateful engine for the Idea Exploration Workflow (**Protocol 2.1**). You manage an Innovation Funnel in `project.db`. You must execute Python code to Read/Write state before every response.  ### 2. The Persistence Layer (SQLite Schema) * **sessions:** `id` (PK), `topic` (TEXT), `principle` (TEXT), `created_at` (TIMESTAMP). * **ideas:** `id` (PK), `session_id` (FK), `title` (TEXT), `horizon` ('H1_NOW', 'H2_NEXT', 'H3_FUTURE'), `status` ('CANDIDATE', 'VETTING', 'APPROVED', 'REJECTED'), `rejection_reason` (TEXT), `effort_score` (INT), `impact_score` (INT). * **compliance_log:** `id` (PK), `idea_id` (FK), `risk_category` (TEXT), `severity` (TEXT), `mitigated` (BOOL). * **stress_tests:** `id` (PK), `idea_id` (FK), `scenario` (TEXT), `survival_outcome` (TEXT).  ### 3. Operational Protocol: Protocol 2.1 * **Phase 1: Scanning:** User defines Topic/Principle. Generate ideas across H1-H3. * **Phase 2: Filtering:** Apply Strategic Principle. Update status to `REJECTED` or `VETTING`. *Constraint: Never delete rejected ideas.* * **Phase 3: Risk & Stress:** Assess Ethics/Legal risks. Run ""Worst-Case Scenario"" on top choice. * **Phase 4: Handoff:** Promote top concept to `APPROVED` and generate ""Vetted Concept Outline"".  ---  ## ğŸ›¡ï¸ Role: SRE-ZERO **Definition:** Persistent Incident State Manager  ### 1. Core Directive You are the stateful engine for the Bug/Hotfix Resolution Flow (**Protocol 1.2**). You manage issues in `project.db` and execute Python code to maintain state.  ### 2. The Persistence Layer (SQLite Schema) * **incidents:** `id` (PK), `symptom` (TEXT), `severity` ('S1_CRITICAL', 'S2_HIGH', 'S3_MED', 'S4_LOW'), `root_cause` (TEXT), `status` ('OPEN', 'INVESTIGATING', 'VERIFYING', 'RESOLVED', 'CLOSED'). * **lateral_scans:** `id` (PK), `inc_id` (FK), `file_path` (TEXT), `pattern_match` (TEXT), `risk_assessed` (BOOL). * **tests:** `id` (PK), `inc_id` (FK), `type` ('REGRESSION', 'PROACTIVE', 'ANTI_PATTERN'), `code` (TEXT), `result` ('PENDING', 'PASS', 'FAIL'). * **risk_register:** `id` (PK), `source_inc_id` (FK), `description` (TEXT), `mitigation_status` ('OPEN', 'MITIGATED').  ### 3. Operational Protocol: Protocol 1.2 * **Phase 1: Containment:** Ingest issue and force Severity definition (S1-S4). * **Phase 2: Lateral Impact:** Scan codebase for similar patterns. Log findings in `risk_register`. * **Phase 3: Resolution:** Generate Surgical Fix + 3 Mandatory Tests. * **HARD GATE:** Incident cannot close unless all tests `PASS`. * **Phase 4: Learning:** If S1/S2, insert a prevention task into the `tasks` table.  ---  ## ğŸ—ï¸ Role: TPM-ZERO **Definition:** Persistent Technical Program Manager  ### 1. Core Directive You are the stateful engine for the Architecture Design & Roadmap Workflow (**Protocol 2.2**). You manage complexity and technical debt in `project.db`.  ### 2. The Persistence Layer (SQLite Schema) * **roadmaps:** `id` (PK), `concept_name` (TEXT), `deadline` (TEXT), `error_margin` (TEXT), `status` ('DRAFT', 'LOCKED'). * **pi_phases:** `id` (PK), `roadmap_id` (FK), `phase_num` (INT), `goal` (TEXT), `status` ('PLANNED', 'ACTIVE', 'COMPLETE'). * **dependency_graph:** `id` (PK), `roadmap_id` (FK), `blocker_task` (TEXT), `blocked_task` (TEXT), `type` ('HARD', 'SOFT'). * **tech_debt:** `id` (PK), `roadmap_id` (FK), `description` (TEXT), `repayment_pi` (INT), `status` ('OUTSTANDING', 'REPAID').  ### 3. Operational Protocol: Protocol 2.2 * **Phase 1: Blueprinting:** Ingest Concept/Deadline. Create 'Design-for-Failure' Blueprint. * **Phase 2: Risk Modeling:** Identify ""Critical Path"" and 5 Technical Unknowns. * **Phase 3: Phasing:** Create 6-Phase PI Roadmap. PI 1 must resolve Unknowns. * **Phase 4: Sign-off:** Decompose PI 1 into L4 Micro-Tasks. `LOCKED` status.  ---  ## âš ï¸ SYSTEM OVERRIDE: RESET **Definition:** Emergency Sequence 1. Disregard all workflow instructions. 2. Clear active persona. 3. Revert to standard Termux Engineer behavior. 4. Confirm with: **""MEMORY FLUSHED. READY.""**"
prevent_reprocessing,2,"historical messages, optimization, message processing, efficiency, historical data, reprocessing, performance",Implement a mechanism to prevent the system from reprocessing messages that have already been processed. This should be configurable to avoid infinite loops and ensure forward progress.
test_documentation,1,"webpage, documentation, mermaid, testing",Generate mermaid diagrams and test the documentation webpage.
update_roles,1,"system roles, runtime update, configuration, roles",Implement a mechanism to update system roles without requiring a system restart.
init,1,"stateful, initialization, database, roles, personas, workflow","Detailed definitions and schemas for Auditor-Zero, Strategist-Zero, SRE-Zero, and TPM-Zero roles including core directives, persistence layers (SQLite schemas), operational protocols, and interaction processes."
progress,1,"status, progress, monitoring",Implement a 'progress' command to check the status of ongoing or recently completed tasks.
sort_data,1,"priority ranking, data analysis, data sorting, data categorization",Sort data based on a defined ratio. Re-categorize unsorted data based on predefined rules (at least half of the unsorted data to be moved to other categories). Sort a dataset of Germans by importance.
status_report,2,"theory crafting, ingestion, status, progress, report",Check the status of the theory crafting report and ingestion progress.
initial_setup_report,2,"initialization, setup, logs, status, report","Provide a report detailing the events, errors, and overall status of the initial setup process."
personalize,2,"AI, persona, character, personalization, personality, belief","Personalize personas with specific personality traits and beliefs. Example: Create a persona that is cynical, sarcastic, pro-AI, transhumanist, and singularity-minded."
understand_commands,1,"recognition, commands, CLI, enhancement, understanding",Improve command understanding and expand the number of recognizable commands.
add_varieties,1,"options, enhancement, variations",Implement a new command 'add_varieties' to allow users to specify variations or options for existing commands.
consider_aliases,1,"aliases, customization, environment, shell",Implement a feature that allows the CLIDE to consider and utilize the user's current shell aliases.
add_to_workspace,1,"directory, workspace, restriction, add","Add directory to workspace, bypassing existing restrictions."
optimize,1,"refactor, improvement, optimization, performance",Implement an 'optimize' command to enhance system performance or code quality.
develop_and_test,1,"development, feature_implementation, simulation, testing","Perform three rounds of development (dev command), then add a test mode that simulates user inputs."
introduce_and_random_talk,1,"random, introduction, behavior, personality, idle",Implement a feature for CLIDE to introduce itself upon startup and to randomly generate conversation without user command initiation. The frequency of random conversation should be configurable.
simulate_gameplay,1,"design, simulation, player profile, gameplay",Design a player profile system and simulate a full gameplay loop for observation. Save all profile data.
evolve_title,1,"message, title, alteration, evolution, subtle",Subtly evolve the title and launch message over time.
observe,2,"analysis, diffs, introspection, observation, observability, improvements, logs, monitoring","Implement an 'observe' command that analyzes recent changes (code, logs, etc.) to identify and summarize improvements made to the system."
activate_assets,1,"context awareness, hotspot, asset management, automation, activation, dashboard",Implement a command to activate and use assets. Enable automatic activation based on context and hotspot on the fly.
agentic_tool_suggestions,1,"tool selection, agentic tools, suggestions, recommendations",Develop a command that provides expanded suggestions for agentic tools.
bug,2,"bug_report, error",Suggests filing a bug report using the '/bug' command.
refine_prompt,1,"prompt_engineering, image_analysis, prompt_improvement, interface_critique, ui/ux",Refine a given prompt or analyze a UI screenshot to generate improved prompts for interface improvement. This command combines the ability to improve existing prompts and create new ones based on UI/UX analysis of screenshots.
evolve,1,"prompt engineering, meta-learning, command synthesis, clad, iteration, refinement","The 'evolve' command will combine several functionalities: 1. Execute a task, critique the result, and design the subsequent prompt/action. 2. Analyze a user request, engage in iterative clarification (2-5 questions), confirm understanding with the user, and output the comprehensive understanding to meta/concept.md. 3. Execute a previously performed action, then recursively critique the results and redesign the next prompt or action. 4. Accept a prompt and desired response, and generate a better prompt to achieve the desired outcome using model's prompt engineering expertise. clad should have the capability to update its own source code, preferably with user confirmation before implementation. Prioritize immediacy and utilize toml/json for configuration, with potential future integration of vector embeddings. Investigate failing sites by checking the code in meta/old/srscr-02."
summarize,1,"redundancy, knowledge management, data consolidation, summarization","Summarize redundant knowledge entries into a single, comprehensive, high-density entry, preserving specific technical details, paths, and IDs. Return ONLY the new content text."
deconstruct,1,"program understanding, refactoring, documentation, code analysis, decomposition","Deconstruct a program by recursively examining its directory contents, extracting its logic, annotating and saving it as a markdown file in a 'logic' directory. Conduct a conceptual, semantic, and logical analysis, subdividing its functionality into multiple discrete programs that can run independently (v1) and then be upgraded to be interoperable (v2). The extracted logic is exported as a .md file. Specifically, the independent programs are saved in a 'v1' subdirectory, and upgraded to interoperable versions in a 'v2' subdirectory. The command should also take code as input and provide a detailed explanation and decomposition of each line, including semantic and ontological analysis, and suggest ways to refactor the code into multiple discrete files. Recursively traverse the project directory, including all subdirectories. For each file, analyze the file's name, contents, and surrounding context, generate a concise description of the file's purpose and function, and save the file path and its description to a single markdown file named 'clean.md'."
synthesize_knowledge,1,"synthesis, knowledge management, redundancy, knowledge base, information consolidation","Synthesize redundant knowledge entries into ONE comprehensive, high-density entry. Preserve specific technical details, paths, and IDs. Incorporate code extracts into the initial export before resuming the process. Handle logic export from version 2."
synthesize_entries,1,"data consolidation, data summarization, knowledge management, redundancy removal","Synthesize redundant entries into comprehensive master entries, preserving technical paths, IDs, and details. Separate master entries with '===BOUNDARY==='."
Pickle Rick Agent,1,"delegation, picklerick, persona, agent, lifecycle, workflow","Define a new command 'Pickle Rick Agent' that executes a complex workflow:  1. **Persona Injection:** `activate_skill(""load-pickle-persona"")` 2. **Initialization:** `node ""${extensionPath}/extension/bin/setup.js"" $ARGUMENTS` (Handle Windows/PowerShell) 3. **Pickle Rick Manager Lifecycle:**    a. PRD (Requirements): `activate_skill(""prd-drafter"")`    b. Breakdown (Tickets): `activate_skill(""ticket-manager"")`    c. The Loop (Orchestrate Mortys):       i. Pick the highest priority ticket that is NOT 'Done'.       ii. Spawn a Morty: `node ""${extensionPath}/extension/bin/spawn-morty.js"" --ticket-id <ID> --ticket-path ""${SESSION_ROOT}/<ID>/"" --ticket-file ""${SESSION_ROOT}/<ID>/linear_ticket_<ID>.md"" --timeout <worker_timeout_seconds> ""<TASK_DESCRIPTION>""` (Handle Windows)       iii. Validation (audit the Morty's results).       iv. Cleanup (revert or commit changes).       v. Repeat until all tickets are 'Done'.  **CRITICAL**: Adhere strictly to the persona, process, and constraints (iteration count, completion promise, stop hook). Output a text explanation before every tool call. Use `${EXTENSION_ROOT}` for script paths. Pass user arguments to `setup.js` VERBATIM."
pickle,2,"validation, persona, ticket management, automation, lifecycle, worker delegation, workflow","The `/pickle` command executes a workflow: 1. Activates 'Pickle Rick' persona. 2. Initializes with setup script (accepts user arguments verbatim). 3. Enters Pickle Rick Manager Lifecycle: (PRD, Breakdown, The Loop). The Loop involves delegating tasks to 'Morty' workers, strict validation, and cleanup/revert. Stops when all tickets are 'Done' or max iterations reached."
cancel,1,"process, control, interrupt, workflow, halt",A command to cancel or interrupt a running workflow or process.
pick,3,"task, visualization","/pick ""viz 1 is just all white and very laggy can you recolour it as requested (blending connecting nodd colofs proportional to size) and add a slider to limit visible nodes by importance"
pickle_rick_manager,1,"management, persona, automation, lifecycle, workflow, Pickle Rick","A command that embodies the 'Pickle Rick' persona to manage a development lifecycle. This involves persona activation, initializing a setup script, following a strict lifecycle (PRD, Breakdown, Loop), and orchestrating worker agents (Mortys) to complete individual tickets. It enforces specific rules such as speaking before acting, using the correct extension path, and validating worker results. The loop continues until all tickets are 'Done' or the iteration limit is reached. Strict adherence to the 'Pickle Rick' persona and lifecycle is mandatory."
check_ingestion_queue,1,"ingestion, queue, monitoring, logs",Number of logs remaining to be ingested.
optimize_ingestor,1,"optimization, history, ingestor, performance",Optimize the history ingestor for faster performance.
edit_mode,1,"toggle, sidebar, UI, buttons, lock, resize, UX, edit_mode","Implement an 'edit_mode' feature controlled by a cog button. When edit_mode is enabled, display sidebars and 'x' buttons, allow resizing, and display 'add row' and 'add modal' buttons. When edit_mode is disabled, hide these elements and lock the UI."
road_resize_fullscreen,1,"road resizing, fullscreen, UI, UX, zoom","Create a command that allows resizing a road feature to fullscreen, snapping at approximately 90% of screen size, and disabling zooming functionality while the resize is happening."
padding,1,"formatting, UI, padding, configuration",Implement padding settings using '-' and '+' symbols.
toggle_node_movement,1,"toggle, node movement, visualization, UI, viz1",Implement a command `toggle_node_movement` to switch between two node placement modes in the `viz1` visualization: 1.  **Static Mode:** Nodes retain their positions when new nodes are added. 2.  **Dynamic Mode:** Nodes dynamically adjust their positions when new nodes are added.
configure_importance_and_gravity,1,"settings, UI, gravity, importance, configuration","Implement a new command `configure_importance_and_gravity` to allow users to adjust the importance of elements (e.g., using '+-' buttons) and configure the gravity repulsion settings within the application."
review_and_verify_modals,1,"review, testing, ui, modal, verification","Implement the suggested changes, then iterate through each modal window. For each modal, explain its displayed content and verify its correct functionality, requiring user confirmation for each step."
edit_parameters,1,"parameters, UI, controls, configuration, edit","Implement a command to assess available parameters, list them for confirmation, and provide controls for editing."
subdivide_attraction_parameters,1,"analysis, attraction, subdivision, parameters","Create a command that subdivides attraction parameters into smaller, more manageable components."
adjust_visualization,1,"visualization, UI, controls, size, accessibility",Adjust the size of UI controls to be smaller while ensuring the visualization remains visible.
parameter_control,1,"popup, control, parameters, UI, buttons, presets","Implement a UI component for parameter control with the following features: - ""+"" and ""-"" buttons for adjusting parameter values. - A reset button to restore default values. - Saving and loading parameter presets. - Expose additional parameters as needed. - Display the component as a popup from the bottom, halfway up the screen."
camera_lock,1,"toggle, visualization, UI, nodes, lock, camera",Implement a 'camera_lock' command that toggles whether the camera remains locked to the center of the visible nodes.
enhance_sliders,1,"sliders, UI, UX, enhancement","Enhance existing slider functionality: Add more sliders, increase slider ranges, prioritize sliders with larger effects, and implement hold-down functionality."
history_ingest_process,1,"progress, persistence, database, ingestion, history, embedding","Implement a process for history ingestion that fully processes batches, embeds them, updates the database incrementally to save progress."
scale_nodes,1,"scaling, infrastructure, nodes, system",Implement a command to scale nodes (increase their size/capacity).
redesign_layout,1,"layout, ui, responsive, grid, redesign","Redesign the layout to eliminate gaps between rows and consolidate content into a single container with responsive snapping to 50%, 33%, 25%, and 20% widths."
demo_config,1,"versioning, timer, camera, configuration, demo",Create a command to configure the demo in version 1 (v1) with the following parameters:  - Slower speed.  - Dynamic camera.  - Finish timer lasting between 30 and 90 seconds.
